"id","sequence","name","description","invoice_label","amount","amount_type","type_tax_use","tax_group_id","repartition_line_ids/repartition_type","repartition_line_ids/document_type","repartition_line_ids/factor_percent","repartition_line_ids/account_id"
"af_brt_sale_2","1","BRT 2%","BRT 2%","BRT 2%","2","percent","sale","tax_group_af_brt","base","invoice","100",""
"","","","","","","","","","tax","invoice","100","af_200301"
"","","","","","","","","","base","refund","100",""
"","","","","","","","","","tax","refund","100","af_200301"
"af_brt_sale_4","2","BRT 4%","BRT 4%","BRT 4%","4","percent","sale","tax_group_af_brt","base","invoice","100",""
"","","","","","","","","","tax","invoice","100","af_200301"
"","","","","","","","","","base","refund","100",""
"","","","","","","","","","tax","refund","100","af_200301"
"af_brt_sale_10","3","BRT 10%","BRT 10%","BRT 10%","10","percent","sale","tax_group_af_brt","base","invoice","100",""
"","","","","","","","","","tax","invoice","100","af_200301"
"","","","","","","","","","base","refund","100",""
"","","","","","","","","","tax","refund","100","af_200301"
"af_exempt_sale","4","Exempt","Exempt","Exempt","0","percent","sale","tax_group_af_exempt","base","invoice","100",""
"","","","","","","","","","tax","invoice","100",""
"","","","","","","","","","base","refund","100",""
"","","","","","","","","","tax","refund","100",""
"af_wht_contractor_2","10","Withholding 2% (licensed)","Withholding 2%","WHT 2%","-2","percent","purchase","tax_group_af_wht","base","invoice","100",""
"","","","","","","","","","tax","invoice","100","af_200313"
"","","","","","","","","","base","refund","100",""
"","","","","","","","","","tax","refund","100","af_200313"
"af_wht_contractor_7","11","Withholding 7% (unlicensed)","Withholding 7%","WHT 7%","-7","percent","purchase","tax_group_af_wht","base","invoice","100",""
"","","","","","","","","","tax","invoice","100","af_200313"
"","","","","","","","","","base","refund","100",""
"","","","","","","","","","tax","refund","100","af_200313"
"af_wht_rent_10","12","Withholding 10% on rent","Withholding 10% rent","WHT 10%","-10","percent","purchase","tax_group_af_wht","base","invoice","100",""
"","","","","","","","","","tax","invoice","100","af_200312"
"","","","","","","","","","base","refund","100",""
"","","","","","","","","","tax","refund","100","af_200312"
"af_wht_rent_15","13","Withholding 15% on rent","Withholding 15% rent","WHT 15%","-15","percent","purchase","tax_group_af_wht","base","invoice","100",""
"","","","","","","","","","tax","invoice","100","af_200312"
"","","","","","","","","","base","refund","100",""
"","","","","","","","","","tax","refund","100","af_200312"
"af_exempt_purchase","14","Exempt","Exempt","Exempt","0","percent","purchase","tax_group_af_exempt","base","invoice","100",""
"","","","","","","","","","tax","invoice","100",""
"","","","","","","","","","base","refund","100",""
"","","","","","","","","","tax","refund","100",""
