"id","name","code","account_type","reconcile"
"af_100101","Liquidity Transfer","100101","asset_current","True"
"af_100102","Bank Suspense Account","100102","asset_current","True"
"af_100103","Outstanding Receipts","100103","asset_current","True"
"af_100104","Outstanding Payments","100104","asset_current","True"
"af_100201","Cash on Hand - AFN","100201","asset_cash","False"
"af_100202","Cash on Hand - USD","100202","asset_cash","False"
"af_100301","Bank - Current Account AFN","100301","asset_cash","False"
"af_100302","Bank - Current Account USD","100302","asset_cash","False"
"af_101001","Accounts Receivable","101001","asset_receivable","True"
"af_101002","Receivable - Point of Sale","101002","asset_receivable","True"
"af_101101","Staff Advances","101101","asset_current","False"
"af_101102","Advances to Suppliers","101102","asset_current","False"
"af_101103","Prepaid Expenses","101103","asset_prepayments","False"
"af_101104","Prepaid Rent","101104","asset_prepayments","False"
"af_101201","Inventory","101201","asset_current","False"
"af_101202","Goods Received Not Invoiced","101202","asset_current","False"
"af_102001","Land","102001","asset_fixed","False"
"af_102002","Buildings","102002","asset_fixed","False"
"af_102003","Vehicles","102003","asset_fixed","False"
"af_102004","Office Equipment","102004","asset_fixed","False"
"af_102005","Furniture and Fixtures","102005","asset_fixed","False"
"af_102006","Computer Equipment","102006","asset_fixed","False"
"af_102101","Accumulated Depreciation - Buildings","102101","asset_fixed","False"
"af_102102","Accumulated Depreciation - Vehicles","102102","asset_fixed","False"
"af_102103","Accumulated Depreciation - Office Equipment","102103","asset_fixed","False"
"af_102104","Accumulated Depreciation - Furniture","102104","asset_fixed","False"
"af_102105","Accumulated Depreciation - Computers","102105","asset_fixed","False"
"af_103001","Deposits and Guarantees","103001","asset_non_current","False"
"af_200101","Accounts Payable","200101","liability_payable","True"
"af_200102","Payable - Expense Claims","200102","liability_payable","True"
"af_200201","Accrued Expenses","200201","liability_current","False"
"af_200202","Salaries Payable","200202","liability_current","False"
"af_200203","Pension Payable","200203","liability_current","False"
"af_200301","Business Receipts Tax Payable","200301","liability_current","False"
"af_200302","Business Receipts Tax Receivable","200302","asset_current","False"
"af_200311","Withholding Tax Payable - Salaries","200311","liability_current","False"
"af_200312","Withholding Tax Payable - Rent","200312","liability_current","False"
"af_200313","Withholding Tax Payable - Contractors","200313","liability_current","False"
"af_200321","Income Tax Payable","200321","liability_current","False"
"af_200401","Customer Advances","200401","liability_current","False"
"af_200501","Short-term Loans","200501","liability_current","False"
"af_201001","Long-term Loans","201001","liability_non_current","False"
"af_300101","Capital","300101","equity","False"
"af_300201","Retained Earnings","300201","equity","False"
"af_300301","Current Year Earnings","300301","equity_unaffected","False"
"af_300401","Drawings","300401","equity","False"
"af_400101","Sales Revenue","400101","income","False"
"af_400102","Service Revenue","400102","income","False"
"af_400103","Contract Revenue","400103","income","False"
"af_400201","Grant Income","400201","income_other","False"
"af_400301","Foreign Exchange Gain","400301","income_other","False"
"af_400302","Cash Difference Gain","400302","income_other","False"
"af_400303","Early Payment Discount Gain","400303","income_other","False"
"af_400304","Other Income","400304","income_other","False"
"af_500101","Cost of Goods Sold","500101","expense_direct_cost","False"
"af_500102","Cost of Services","500102","expense_direct_cost","False"
"af_500201","Salaries and Wages","500201","expense","False"
"af_500202","Staff Benefits","500202","expense","False"
"af_500203","Staff Training","500203","expense","False"
"af_500301","Rent","500301","expense","False"
"af_500302","Utilities","500302","expense","False"
"af_500303","Fuel","500303","expense","False"
"af_500304","Vehicle Running Costs","500304","expense","False"
"af_500305","Communications","500305","expense","False"
"af_500306","Office Supplies","500306","expense","False"
"af_500307","Repairs and Maintenance","500307","expense","False"
"af_500308","Security Services","500308","expense","False"
"af_500309","Travel and Accommodation","500309","expense","False"
"af_500310","Professional Fees","500310","expense","False"
"af_500311","Bank Charges","500311","expense","False"
"af_500312","Insurance","500312","expense","False"
"af_500313","Government Fees and Licences","500313","expense","False"
"af_500401","Depreciation","500401","expense_depreciation","False"
"af_500901","Foreign Exchange Loss","500901","expense_other","False"
"af_500902","Cash Difference Loss","500902","expense_other","False"
"af_500903","Early Payment Discount Loss","500903","expense_other","False"
"af_500904","Other Expenses","500904","expense_other","False"
"af_500905","Zakat and Charity","500905","expense_other","False"
